name,category,asr_model,genai_model,sum_num_words,coverage
abdomen,Dokter Patient,Cohere Labs Transcribe,transcript_GPT-5,378,0.4444444444444444
ademhaling,Dokter Patient,Cohere Labs Transcribe,transcript_GPT-5,176,0.4602272727272727
auto-immuunziekten,Dokter Patient,Cohere Labs Transcribe,transcript_GPT-5,383,0.6840731070496083
bewegingsapparaat,Dokter Patient,Cohere Labs Transcribe,transcript_GPT-5,442,0.47058823529411764
diabetes,Dokter Patient,Cohere Labs Transcribe,transcript_GPT-5,260,0.46923076923076923
hartziekten,Dokter Patient,Cohere Labs Transcribe,transcript_GPT-5,355,0.30985915492957744
neurologie,Dokter Patient,Cohere Labs Transcribe,transcript_GPT-5,205,0.5317073170731708
oncologie,Dokter Patient,Cohere Labs Transcribe,transcript_GPT-5,377,0.4244031830238727
GGZ-exposure-therapie,interviews,Cohere Labs Transcribe,transcript_GPT-5,487,0.5913757700205339
hulpverleners,interviews,Cohere Labs Transcribe,transcript_GPT-5,450,0.7311111111111112
interview-113,interviews,Cohere Labs Transcribe,transcript_GPT-5,493,0.5354969574036511
ouder-worden-2040,interviews,Cohere Labs Transcribe,transcript_GPT-5,345,0.5884057971014492
ouderen-zorg,interviews,Cohere Labs Transcribe,transcript_GPT-5,545,0.5174311926605505
seksuele-voorlichting,interviews,Cohere Labs Transcribe,transcript_GPT-5,444,0.6463963963963963
verzorgings-staat,interviews,Cohere Labs Transcribe,transcript_GPT-5,464,0.5797413793103449
angststoornis,Psychologische gespreksvoering,Cohere Labs Transcribe,transcript_GPT-5,361,0.39335180055401664
antidepressiva,Psychologische gespreksvoering,Cohere Labs Transcribe,transcript_GPT-5,635,0.3763779527559055
baan,Psychologische gespreksvoering,Cohere Labs Transcribe,transcript_GPT-5,442,0.45475113122171945
intake-bedrijf,Psychologische gespreksvoering,Cohere Labs Transcribe,transcript_GPT-5,650,0.4815384615384615
misbruik,Psychologische gespreksvoering,Cohere Labs Transcribe,transcript_GPT-5,507,0.378698224852071
studie,Psychologische gespreksvoering,Cohere Labs Transcribe,transcript_GPT-5,255,0.596078431372549
vrijheden,Psychologische gespreksvoering,Cohere Labs Transcribe,transcript_GPT-5,426,0.34507042253521125
abdomen,Dokter Patient,gt,transcript_GPT-5,475,0.37894736842105264
ademhaling,Dokter Patient,gt,transcript_GPT-5,161,0.4409937888198758
auto-immuunziekten,Dokter Patient,gt,transcript_GPT-5,349,0.5931232091690545
bewegingsapparaat,Dokter Patient,gt,transcript_GPT-5,501,0.3592814371257485
diabetes,Dokter Patient,gt,transcript_GPT-5,397,0.3853904282115869
hartziekten,Dokter Patient,gt,transcript_GPT-5,367,0.3242506811989101
neurologie,Dokter Patient,gt,transcript_GPT-5,477,0.32075471698113206
oncologie,Dokter Patient,gt,transcript_GPT-5,377,0.35013262599469497
GGZ-exposure-therapie,interviews,gt,transcript_GPT-5,533,0.5853658536585366
hulpverleners,interviews,gt,transcript_GPT-5,566,0.666077738515901
interview-113,interviews,gt,transcript_GPT-5,412,0.5922330097087378
ouder-worden-2040,interviews,gt,transcript_GPT-5,320,0.6125
ouderen-zorg,interviews,gt,transcript_GPT-5,475,0.5473684210526316
seksuele-voorlichting,interviews,gt,transcript_GPT-5,417,0.697841726618705
verzorgings-staat,interviews,gt,transcript_GPT-5,499,0.5490981963927856
angststoornis,Psychologische gespreksvoering,gt,transcript_GPT-5,374,0.46524064171123
antidepressiva,Psychologische gespreksvoering,gt,transcript_GPT-5,668,0.28892215568862273
baan,Psychologische gespreksvoering,gt,transcript_GPT-5,576,0.4131944444444444
intake-bedrijf,Psychologische gespreksvoering,gt,transcript_GPT-5,680,0.3985294117647059
misbruik,Psychologische gespreksvoering,gt,transcript_GPT-5,673,0.32838038632986627
studie,Psychologische gespreksvoering,gt,transcript_GPT-5,412,0.46116504854368934
vrijheden,Psychologische gespreksvoering,gt,transcript_GPT-5,598,0.3394648829431438
abdomen,Dokter Patient,NVIDIA Canary 1B v2,transcript_GPT-5,268,0.6305970149253731
ademhaling,Dokter Patient,NVIDIA Canary 1B v2,transcript_GPT-5,107,0.3925233644859813
auto-immuunziekten,Dokter Patient,NVIDIA Canary 1B v2,transcript_GPT-5,293,0.5563139931740614
bewegingsapparaat,Dokter Patient,NVIDIA Canary 1B v2,transcript_GPT-5,444,0.4617117117117117
diabetes,Dokter Patient,NVIDIA Canary 1B v2,transcript_GPT-5,277,0.5234657039711191
hartziekten,Dokter Patient,NVIDIA Canary 1B v2,transcript_GPT-5,345,0.2985507246376812
neurologie,Dokter Patient,NVIDIA Canary 1B v2,transcript_GPT-5,523,0.30210325047801145
oncologie,Dokter Patient,NVIDIA Canary 1B v2,transcript_GPT-5,349,0.39255014326647564
GGZ-exposure-therapie,interviews,NVIDIA Canary 1B v2,transcript_GPT-5,556,0.6276978417266187
hulpverleners,interviews,NVIDIA Canary 1B v2,transcript_GPT-5,457,0.7352297592997812
interview-113,interviews,NVIDIA Canary 1B v2,transcript_GPT-5,493,0.5679513184584178
ouder-worden-2040,interviews,NVIDIA Canary 1B v2,transcript_GPT-5,502,0.5836653386454184
ouderen-zorg,interviews,NVIDIA Canary 1B v2,transcript_GPT-5,514,0.5700389105058365
verzorgings-staat,interviews,NVIDIA Canary 1B v2,transcript_GPT-5,366,0.6120218579234973
angststoornis,Psychologische gespreksvoering,NVIDIA Canary 1B v2,transcript_GPT-5,270,0.44814814814814813
antidepressiva,Psychologische gespreksvoering,NVIDIA Canary 1B v2,transcript_GPT-5,660,0.3106060606060606
baan,Psychologische gespreksvoering,NVIDIA Canary 1B v2,transcript_GPT-5,422,0.4597156398104265
intake-bedrijf,Psychologische gespreksvoering,NVIDIA Canary 1B v2,transcript_GPT-5,619,0.39418416801292405
misbruik,Psychologische gespreksvoering,NVIDIA Canary 1B v2,transcript_GPT-5,452,0.3606194690265487
studie,Psychologische gespreksvoering,NVIDIA Canary 1B v2,transcript_GPT-5,251,0.50199203187251
vrijheden,Psychologische gespreksvoering,NVIDIA Canary 1B v2,transcript_GPT-5,571,0.3134851138353765
abdomen,Dokter Patient,NVIDIA Parakeet TDT 0.6B v3,transcript_GPT-5,281,0.5871886120996441
ademhaling,Dokter Patient,NVIDIA Parakeet TDT 0.6B v3,transcript_GPT-5,132,0.4393939393939394
auto-immuunziekten,Dokter Patient,NVIDIA Parakeet TDT 0.6B v3,transcript_GPT-5,353,0.5694050991501416
bewegingsapparaat,Dokter Patient,NVIDIA Parakeet TDT 0.6B v3,transcript_GPT-5,465,0.44946236559139785
diabetes,Dokter Patient,NVIDIA Parakeet TDT 0.6B v3,transcript_GPT-5,242,0.5206611570247934
hartziekten,Dokter Patient,NVIDIA Parakeet TDT 0.6B v3,transcript_GPT-5,338,0.3431952662721893
neurologie,Dokter Patient,NVIDIA Parakeet TDT 0.6B v3,transcript_GPT-5,401,0.3865336658354115
oncologie,Dokter Patient,NVIDIA Parakeet TDT 0.6B v3,transcript_GPT-5,381,0.3753280839895013
GGZ-exposure-therapie,interviews,NVIDIA Parakeet TDT 0.6B v3,transcript_GPT-5,464,0.6271551724137931
hulpverleners,interviews,NVIDIA Parakeet TDT 0.6B v3,transcript_GPT-5,474,0.6455696202531646
interview-113,interviews,NVIDIA Parakeet TDT 0.6B v3,transcript_GPT-5,424,0.49056603773584906
ouder-worden-2040,interviews,NVIDIA Parakeet TDT 0.6B v3,transcript_GPT-5,420,0.580952380952381
ouderen-zorg,interviews,NVIDIA Parakeet TDT 0.6B v3,transcript_GPT-5,515,0.5825242718446602
seksuele-voorlichting,interviews,NVIDIA Parakeet TDT 0.6B v3,transcript_GPT-5,487,0.6529774127310062
verzorgings-staat,interviews,NVIDIA Parakeet TDT 0.6B v3,transcript_GPT-5,443,0.6455981941309256
angststoornis,Psychologische gespreksvoering,NVIDIA Parakeet TDT 0.6B v3,transcript_GPT-5,292,0.4246575342465753
antidepressiva,Psychologische gespreksvoering,NVIDIA Parakeet TDT 0.6B v3,transcript_GPT-5,552,0.3641304347826087
baan,Psychologische gespreksvoering,NVIDIA Parakeet TDT 0.6B v3,transcript_GPT-5,631,0.393026941362916
intake-bedrijf,Psychologische gespreksvoering,NVIDIA Parakeet TDT 0.6B v3,transcript_GPT-5,642,0.43457943925233644
misbruik,Psychologische gespreksvoering,NVIDIA Parakeet TDT 0.6B v3,transcript_GPT-5,507,0.3629191321499014
studie,Psychologische gespreksvoering,NVIDIA Parakeet TDT 0.6B v3,transcript_GPT-5,436,0.5
vrijheden,Psychologische gespreksvoering,NVIDIA Parakeet TDT 0.6B v3,transcript_GPT-5,512,0.326171875
abdomen,Dokter Patient,Qwen3 ASR 1.7B,transcript_GPT-5,589,0.3242784380305603
ademhaling,Dokter Patient,Qwen3 ASR 1.7B,transcript_GPT-5,162,0.41975308641975306
auto-immuunziekten,Dokter Patient,Qwen3 ASR 1.7B,transcript_GPT-5,415,0.40240963855421685
bewegingsapparaat,Dokter Patient,Qwen3 ASR 1.7B,transcript_GPT-5,447,0.33109619686800895
diabetes,Dokter Patient,Qwen3 ASR 1.7B,transcript_GPT-5,429,0.34965034965034963
hartziekten,Dokter Patient,Qwen3 ASR 1.7B,transcript_GPT-5,497,0.32796780684104626
neurologie,Dokter Patient,Qwen3 ASR 1.7B,transcript_GPT-5,272,0.5147058823529411
oncologie,Dokter Patient,Qwen3 ASR 1.7B,transcript_GPT-5,380,0.3894736842105263
GGZ-exposure-therapie,interviews,Qwen3 ASR 1.7B,transcript_GPT-5,463,0.6436285097192225
hulpverleners,interviews,Qwen3 ASR 1.7B,transcript_GPT-5,555,0.7063063063063063
interview-113,interviews,Qwen3 ASR 1.7B,transcript_GPT-5,553,0.5117540687160941
ouder-worden-2040,interviews,Qwen3 ASR 1.7B,transcript_GPT-5,438,0.5753424657534246
ouderen-zorg,interviews,Qwen3 ASR 1.7B,transcript_GPT-5,497,0.5271629778672032
seksuele-voorlichting,interviews,Qwen3 ASR 1.7B,transcript_GPT-5,446,0.6457399103139013
verzorgings-staat,interviews,Qwen3 ASR 1.7B,transcript_GPT-5,506,0.5909090909090909
angststoornis,Psychologische gespreksvoering,Qwen3 ASR 1.7B,transcript_GPT-5,330,0.4393939393939394
antidepressiva,Psychologische gespreksvoering,Qwen3 ASR 1.7B,transcript_GPT-5,536,0.2891791044776119
baan,Psychologische gespreksvoering,Qwen3 ASR 1.7B,transcript_GPT-5,393,0.5038167938931297
intake-bedrijf,Psychologische gespreksvoering,Qwen3 ASR 1.7B,transcript_GPT-5,636,0.42138364779874216
misbruik,Psychologische gespreksvoering,Qwen3 ASR 1.7B,transcript_GPT-5,539,0.4025974025974026
studie,Psychologische gespreksvoering,Qwen3 ASR 1.7B,transcript_GPT-5,421,0.498812351543943
vrijheden,Psychologische gespreksvoering,Qwen3 ASR 1.7B,transcript_GPT-5,608,0.3355263157894737
abdomen,Dokter Patient,Whisper-large-v3-fast,transcript_GPT-5,277,0.5703971119133574
ademhaling,Dokter Patient,Whisper-large-v3-fast,transcript_GPT-5,133,0.41353383458646614
auto-immuunziekten,Dokter Patient,Whisper-large-v3-fast,transcript_GPT-5,367,0.5667574931880109
bewegingsapparaat,Dokter Patient,Whisper-large-v3-fast,transcript_GPT-5,468,0.3247863247863248
diabetes,Dokter Patient,Whisper-large-v3-fast,transcript_GPT-5,489,0.39059304703476483
hartziekten,Dokter Patient,Whisper-large-v3-fast,transcript_GPT-5,311,0.3633440514469453
neurologie,Dokter Patient,Whisper-large-v3-fast,transcript_GPT-5,440,0.3090909090909091
oncologie,Dokter Patient,Whisper-large-v3-fast,transcript_GPT-5,377,0.35013262599469497
GGZ-exposure-therapie,interviews,Whisper-large-v3-fast,transcript_GPT-5,451,0.6319290465631929
hulpverleners,interviews,Whisper-large-v3-fast,transcript_GPT-5,561,0.7433155080213903
interview-113,interviews,Whisper-large-v3-fast,transcript_GPT-5,514,0.5486381322957199
ouder-worden-2040,interviews,Whisper-large-v3-fast,transcript_GPT-5,553,0.6184448462929476
ouderen-zorg,interviews,Whisper-large-v3-fast,transcript_GPT-5,523,0.5525812619502868
seksuele-voorlichting,interviews,Whisper-large-v3-fast,transcript_GPT-5,467,0.6145610278372591
verzorgings-staat,interviews,Whisper-large-v3-fast,transcript_GPT-5,461,0.6420824295010846
angststoornis,Psychologische gespreksvoering,Whisper-large-v3-fast,transcript_GPT-5,280,0.45357142857142857
antidepressiva,Psychologische gespreksvoering,Whisper-large-v3-fast,transcript_GPT-5,591,0.31810490693739424
baan,Psychologische gespreksvoering,Whisper-large-v3-fast,transcript_GPT-5,646,0.47213622291021673
intake-bedrijf,Psychologische gespreksvoering,Whisper-large-v3-fast,transcript_GPT-5,672,0.4568452380952381
misbruik,Psychologische gespreksvoering,Whisper-large-v3-fast,transcript_GPT-5,506,0.35375494071146246
studie,Psychologische gespreksvoering,Whisper-large-v3-fast,transcript_GPT-5,263,0.5817490494296578
vrijheden,Psychologische gespreksvoering,Whisper-large-v3-fast,transcript_GPT-5,532,0.3082706766917293
